{"angle_u": 37.088134765625, "train_loss": -0.4273108243942261, "val_loss": -0.6956400275230408, "learning_rate": 0.00025, "_runtime": 230, "_timestamp": 1615325792, "_step": 300000}