{"angle_u": 41.89427185058594, "train_loss": -0.4925619959831238, "val_loss": -0.5378172993659973, "learning_rate": 4.239115827521624e-06, "_runtime": 2427, "_timestamp": 1615322537, "_step": 3400000}